흡연구역,시설명
서울특별시 동대문구 경희대로 20,흡연구역
서울특별시 동대문구 이문로 82,흡연구역
서울특별시 동대문구 천호대로 307,흡연구역
서울특별시 동대문구 고미술로 100,흡연구역
서울특별시 동대문구 천호대로 329,흡연구역
서울특별시 동대문구 한천로11길 6,흡연구역
서울특별시 동대문구 홍릉로 58,흡연구역
서울특별시 동대문구 회기로 47,흡연구역
서울특별시 동대문구 회기로 57,흡연구역
서울특별시 동대문구 왕산로 61,흡연구역
서울특별시 동대문구 왕산로 25,흡연구역
서울특별시 동대문구 왕산로 21,흡연구역
서울특별시 동대문구 왕산로 19,흡연구역
서울특별시 동대문구 왕산로 15,흡연구역
서울특별시 동대문구 왕산로 4,흡연구역
서울특별시 동대문구 왕산로 117,흡연구역
서울특별시 동대문구 왕산로 127,흡연구역
서울특별시 동대문구 장한로 91,흡연구역
서울특별시 동대문구 한천로14길 87,흡연구역
서울특별시 동대문구 천호대로 151,흡연구역
서울특별시 동대문구 이문로 156,흡연구역
서울특별시 동대문구 이문로 199,흡연구역
서울특별시 동대문구 장한로 40,흡연구역
서울특별시 동대문구 청계천로 447,흡연구역
서울특별시 동대문구 난계로28길 23,흡연구역
서울특별시 동대문구 난계로 250,흡연구역
서울특별시 동대문구 난계로30길 27,흡연구역
서울특별시 동대문구 청계천로 439,흡연구역
서울특별시 동대문구 청계천로 447,흡연구역
서울특별시 동대문구 왕산로 4,흡연구역
서울특별시 동대문구 천호대로 26,흡연구역
서울특별시 동대문구 왕산로6,흡연구역
서울특별시 동대문구 답십리로 303,흡연구역
서울특별시 동대문구 이문로 197,흡연구역
서울특별시 동대문구 답십리로 294,흡연구역
서울특별시 동대문구 답십리로92길 68,흡연구역
서울특별시 동대문구 회기로 123,흡연구역
서울특별시 동대문구 사가정로 229,흡연구역
서울특별시 동대문구 한천로46길 2,흡연구역
서울특별시 동대문구 답십리로 29,흡연구역
서울특별시 동대문구 회기로 66,흡연구역
서울특별시 동대문구 한천로 272,흡연구역
서울특별시 동대문구 답십리로64길 103,흡연구역
서울특별시 동대문구 장한로 47,흡연구역
서울특별시 동대문구 이문로 136,흡연구역
서울특별시 동대문구 망우로 60,흡연구역
서울특별시 동대문구 망우로12길 6,흡연구역
서울특별시 동대문구 사가정로 272,흡연구역
서울특별시 동대문구 사가정로 203,흡연구역
서울특별시 동대문구 천호대로 395-2,흡연구역
서울특별시 동대문구 천호대로 393,흡연구역
서울특별시 동대문구 천호대로 381,흡연구역
서울특별시 동대문구 천호대로 357,흡연구역
서울특별시 동대문구 청계천로 439,흡연구역
서울특별시 동대문구 왕산로 6,흡연구역
서울특별시 동대문구 왕산로 4,흡연구역
서울특별시 동대문구 황물로 60,흡연구역
서울특별시 동대문구 장한로10길 9,흡연구역
서울특별시 동대문구 장한로 120,흡연구역
서울특별시 동대문구 한천로 77,흡연구역
서울특별시 동대문구 장안벚꽃로 279,흡연구역
서울특별시 동대문구 왕산로 71,흡연구역
서울특별시 동대문구 장한로 22,흡연구역
서울특별시 동대문구 천호대로 433,흡연구역
서울특별시 동대문구 천호대로 437,흡연구역
서울특별시 동대문구 홍릉로 28,흡연구역
서울특별시 동대문구 천호대로 444-1,흡연구역
서울특별시 동대문구 장한로2길 62,흡연구역
서울특별시 동대문구 회기로 37,흡연구역
서울특별시 동대문구 왕산로 53,흡연구역
서울특별시 동대문구 천호대로 145,흡연구역
서울특별시 동대문구 장한로18길 82-9,흡연구역
서울특별시 동대문구 장한로 34,흡연구역
서울특별시 동대문구 천호대로 4,흡연구역
서울특별시 동대문구 고산자로 421,흡연구역
서울특별시 동대문구 한천로 49,흡연구역
서울특별시 동대문구 장한로 200,흡연구역
서울특별시 동대문구 경희대로 23,흡연구역
서울특별시 동대문구 장한로32길 7,흡연구역
서울특별시 동대문구 답십리로 261,흡연구역
서울특별시 동대문구 망우로 82,흡연구역
서울특별시 동대문구 무학로 124,흡연구역
서울특별시 동대문구 회기로 188-5,흡연구역
서울특별시 동대문구 회기로 188-12,흡연구역
서울특별시 동대문구 천호대로 383,흡연구역
서울특별시 동대문구 천호대로 377,흡연구역
서울특별시 동대문구 신설동,흡연구역
서울특별시 동대문구 한천로37길 33,흡연구역
서울특별시 동대문구 장한로 37,흡연구역
서울특별시 동대문구 장한로2길 33,흡연구역
서울특별시 동대문구 왕산로 214,흡연구역
서울특별시 동대문구 천호대로 421,흡연구역
서울특별시 동대문구 장한로 6,흡연구역
서울특별시 서초구 과천대로 946,흡연구역
서울특별시 서초구 서초대로78길 5,흡연구역
서울특별시 서초구 효령로 117 ,흡연구역
서울특별시 서초구 방배천로 12,흡연구역
서울특별시 서초구 서초대로 78길 24,흡연구역
서울특별시 서초구 서초대로 78길 42,흡연구역
서울특별시 서초구 양재대로12길 73-19,흡연구역
서울특별시 서초구 동작대로 86,흡연구역
서울특별시 서초구 동작대로 204,흡연구역
서울특별시 서초구 방배천로 24,흡연구역
서울특별시 서초구 남부순환로 2583,흡연구역
서울특별시 서초구 남부순환로 2584,흡연구역
서울특별시 서초구 동작대로 134,흡연구역
서울특별시 서초구 강남대로 213,흡연구역
서울특별시 서초구 강남대로 193,흡연구역
서울특별시 서초구 신반포로 194,흡연구역
서울특별시 서초구 신반포로 176,흡연구역
서울특별시 서초구 신반포로 188,흡연구역
서울특별시 서초구 남부순환로350길 36,흡연구역
서울특별시 서초구 강남대로30길 7,흡연구역
서울특별시 서초구 남부순환로 2636,흡연구역
서울특별시 서초구 논현로31길 9,흡연구역
서울특별시 서초구 바우뫼로 201,흡연구역
서울특별시 서초구 강남대로 148,흡연구역
서울특별시 서초구 양재천로21길 29,흡연구역
서울특별시 서초구 양재천로21길 3,흡연구역
서울특별시 서초구 강남대로27길 7-21,흡연구역
서울특별시 서초구 양재천로19길 34,흡연구역
서울특별시 서초구 바우뫼로 128,흡연구역
서울특별시 서초구 바우뫼로21길 10,흡연구역
서울특별시 서초구 바우뫼로27길 13,흡연구역
서울특별시 서초구 강남대로27길 7-9,흡연구역
서울특별시 서초구 양재천동자전거길 447,흡연구역
서울특별시 서초구 마방로10길 25,흡연구역
서울특별시 서초구 논현로 31,흡연구역
서울특별시 서초구 논현로1길 23,흡연구역
서울특별시 서초구 동산로16길 34,흡연구역
서울특별시 서초구 논현로1길 83,흡연구역
서울특별시 서초구 강남대로8길 77,흡연구역
서울특별시 서초구 강남대로6길 60-23,흡연구역
서울특별시 서초구 강남대로4길 5,흡연구역
서울특별시 서초구 강남대로6길 16,흡연구역
서울특별시 서초구 강남대로8길 3,흡연구역
서울특별시 서초구 강남대로10길 21,흡연구역
서울특별시 서초구 마방로2길 26,흡연구역
서울특별시 서초구 논현로 27,흡연구역
서울특별시 서초구 논현로 71,흡연구역
서울특별시 서초구 동산로2길 27,흡연구역
서울특별시 서초구 강남대로16길 4,흡연구역
서울특별시 서초구 강남대로27,흡연구역
서울특별시 서초구 매헌로16길 32,흡연구역
서울특별시 강북구 도봉로 242,흡연구역
서울특별시 강북구 삼각산로 089,흡연구역
서울특별시 강북구 오패산로 406,흡연구역
서울특별시 강북구 한천로 913,흡연구역
서울특별시 강북구 오현로 145,흡연구역
서울특별시 강북구 덕릉로40길 74,흡연구역
서울특별시 강북구 도봉로 238,흡연구역
서울특별시 강북구 솔샘로 223,흡연구역
서울특별시 강북구 도봉로 62,흡연구역
서울특별시 강북구 한천로 1289,흡연구역
서울특별시 관악구 남부순환로 1636 ,흡연구역
서울특별시 관악구 봉천로 209,흡연구역
서울특별시 관악구 관악로 145,흡연구역
서울특별시 관악구 남부순환로234길 73,흡연구역
서울특별시 관악구 신림로3길 35,흡연구역
서울특별시 관악구 관악로 242,흡연구역
서울특별시 관악구 신림로 330,흡연구역
서울특별시 광진구 아차산로 235,흡연구역
서울특별시 광진구 아차산로 353,흡연구역
서울특별시 광진구 아차산로 224,흡연구역
서울특별시 광진구 아차산로 370,흡연구역
서울특별시 광진구 용마산로 53,흡연구역
서울특별시 광진구 자양로18길 79,흡연구역
서울특별시 광진구 아차산로 225,흡연구역
서울특별시 광진구 능동로 90,흡연구역
서울특별시 광진구 워커힐로 177,흡연구역
서울특별시 광진구 워커힐로 178,흡연구역
서울특별시 광진구 능동로 90,흡연구역
서울특별시 광진구 천호대로 521,흡연구역
서울특별시 광진구 천호대로 560,흡연구역
서울특별시 광진구 동일로 156,흡연구역
서울특별시 광진구 동일로 172,흡연구역
서울특별시 광진구 동일로 90,흡연구역
서울특별시 광진구 천호대로 664,흡연구역
서울특별시 광진구 능동로 120,흡연구역
서울특별시 광진구 능동로 209,흡연구역
서울특별시 광진구 자양로 167,흡연구역
서울특별시 광진구 광나루로 480,흡연구역
서울특별시 광진구 자양로 76,흡연구역
서울특별시 광진구 강변역로 2,흡연구역
서울특별시 광진구 자양1동777,흡연구역
서울특별시 광진구 천호대로 716-10,흡연구역
서울특별시 광진구 능동로17길39,흡연구역
서울특별시 광진구 천호대로 731,흡연구역
서울특별시 광진구 뚝섬로 52길 66,흡연구역
서울특별시 광진구 능동로 209,흡연구역
서울특별시 광진구 능동로 120,흡연구역
서울특별시 광진구 용마산로 127,흡연구역
서울특별시 광진구 동일로 92-1,흡연구역
서울특별시 광진구 아차산로 272,흡연구역
서울특별시 광진구 능동로 92,흡연구역
서울특별시 광진구 광나루로 635,흡연구역
서울특별시 광진구 아차산로30길 39,흡연구역
서울특별시 광진구 광나루로 56길 85,흡연구역
서울특별시 광진구 광나루로 56길 86,흡연구역
서울특별시 광진구 아산산로 200,흡연구역
서울특별시 광진구 아산산로 201,흡연구역
서울특별시 광진구 아산산로 202,흡연구역
서울특별시 광진구 광나루로 56길 85,흡연구역
서울특별시 광진구 광나루로 56길 86,흡연구역
서울특별시 광진구 광나루로 56길 87,흡연구역
서울특별시 광진구 광나루로 56길 88,흡연구역
서울특별시 광진구 광나루로 56길 89,흡연구역
서울특별시 광진구 광나루로 56길 90,흡연구역
서울특별시 광진구 광나루로 56길 91,흡연구역
서울특별시 광진구 광나루로 56길 92,흡연구역
서울특별시 광진구 강변역로 50,흡연구역
서울특별시 은평구 진흥로 235,흡연구역
서울특별시 은평구 통일로 1050,흡연구역
서울특별시 은평구 통일로 834,흡연구역
서울특별시 은평구 통일로 71길 16,흡연구역
서울특별시 은평구 통일로 760,흡연구역
서울특별시 은평구 불광로 121,흡연구역
서울특별시 은평구 연서로 48길 41,흡연구역
서울특별시 은평구 갈현로 11길 30,흡연구역
서울특별시 은평구 은평로 8길 1,흡연구역
서울특별시 은평구 백련산로 90,흡연구역
서울특별시 은평구 갈현로 7길 49,흡연구역
서울특별시 은평구 연서로 365,흡연구역
서울특별시 은평구 은평로 195,흡연구역
서울특별시 은평구 통일로 962,흡연구역
서울특별시 은평구 증산로 5길 6,흡연구역
서울특별시 은평구 불광로 20,흡연구역
서울특별시 은평구 북한산로 276 예강1,흡연구역
서울특별시 중랑구 봉화산로 179,흡연구역
서울특별시 중랑구 동일로 619,흡연구역
서울특별시 중랑구 신내로 156,흡연구역
서울특별시 중랑구 사가정로 49길 53,흡연구역
서울특별시 중랑구 망우로 418,흡연구역
서울특별시 중랑구 망우로 403,흡연구역
서울특별시 중랑구 망우로 182,흡연구역
서울특별시 중랑구 동일로 862,흡연구역
서울특별시 중랑구 중랑천로 71,흡연구역
서울특별시 중랑구 면목로 470,흡연구역
서울특별시 중랑구 용마산로 90길 28,흡연구역
서울특별시 중랑구 망우로 353,흡연구역
서울특별시 중랑구 망우로 399,흡연구역
서울특별시 양천구?목동동로?105,흡연구역
서울특별시 양천구 목동동로 81,흡연구역
서울특별시 양천구 목동동로 99,흡연구역
서울특별시 양천구 신월로 386,흡연구역
서울특별시 양천구 목동동로 165,흡연구역
서울특별시 양천구 목동동로 151,흡연구역
서울특별시 양천구 지양로 137,흡연구역
서울특별시 양천구 안양천로 1071,흡연구역
서울특별시 양천구 목동로 225,흡연구역
서울특별시 양천구 신정이펜1로 20,흡연구역
서울특별시 양천구 목동동로 257,흡연구역
서울특별시 양천구 목동동로 233,흡연구역
서울특별시 양천구 중앙로 237,흡연구역
서울특별시 양천구 신정로 267,흡연구역
서울특별시 양천구 목동동로 293,흡연구역
서울특별시 양천구 목동서로 161,흡연구역
서울특별시 양천구 목동서로 201,흡연구역
서울특별시 양천구 등촌로 142,흡연구역
서울특별시 양천구 신정로7길 17,흡연구역
서울특별시 양천구 목동동로 233-1,흡연구역
서울특별시 양천구 목동동로 411,흡연구역
서울특별시 성동구 행당동 192-3,흡연구역
서울특별시 성동구 왕십리광장로 17,흡연구역
서울특별시 성동구 아차산로 100,흡연구역
서울특별시 서대문구 연희로 248,흡연구역
서울특별시 서대문구 연희로 182,흡연구역
서울특별시 서대문구 서소문로 51,흡연구역
서울특별시 서대문구 성산로 20길 9,흡연구역
서울특별시 서대문구 통일로 113,흡연구역
서울특별시 서대문구 통일로 97,흡연구역
서울특별시 서대문구 충정로 36,흡연구역
서울특별시 서대문구 충정로 60,흡연구역
서울특별시 서대문구 연세로 50-1,흡연구역
서울특별시 서대문구 경기대로 44,흡연구역
서울특별시 서대문구 통일로 37길 51,흡연구역
서울특별시 서대문구 가좌로 134,흡연구역
서울특별시 서대문구 거북골로 34,흡연구역
서울특별시 서대문구 신촌로 197,흡연구역
서울특별시 서대문구 응암로 121,흡연구역
서울특별시 서대문구 성산로 321,흡연구역
서울특별시 서대문구 성산로 263,흡연구역
서울특별시 서대문구 수색로 56,흡연구역
서울특별시 서대문구 경기대로 47,흡연구역
서울특별시 서대문구 경기대로 9,흡연구역
서울특별시 서대문구 충정로 29,흡연구역
서울특별시 서대문구 통일로 135,흡연구역
서울특별시 서대문구 충정로 70,흡연구역
서울특별시 서대문구 충정로 50,흡연구역
서울특별시 서대문구 서소문로 21,흡연구역
서울특별시 서대문구 충정로 8,흡연구역
서울특별시 서대문구 서소문로 45,흡연구역
서울특별시 서대문구 연희로 142,흡연구역
서울특별시 서대문구 신촌로 73,흡연구역
서울특별시 서대문구 연희로 407,흡연구역
서울특별시 서대문구 신촌로 231,흡연구역
서울특별시 서대문구 신촌로 183,흡연구역
서울특별시 서대문구 신촌로 113,흡연구역
서울특별시 서대문구 충정로 23,흡연구역
서울특별시 서대문구 연세로 13,흡연구역
서울특별시 서대문구 신촌로 83,흡연구역
